<?xml version="1.0" encoding="utf-8"?>
<!--/808039/1435831/2.50/4/3/Phototransistor/-->
<quadcept_library>
  <setting unit="mil" />
  <textstyle name="Default" height="47.244094488189" strokewidth="7.8740157480315" charwidth="47.244094488189" />
  <textstyle name="Dimension" height="19.6850393700787" strokewidth="0" charwidth="19.6850393700787" />
  <textstyle name="H127W0635TH00762" height="50" strokewidth="3" charwidth="25" />
  <textstyle name="H15W15TH02" height="59.0551181102362" strokewidth="7.8740157480315" charwidth="59.0551181102362" />
  <padstyle name="r185_70" surface="True" plated="False" isvia="False" nopaste="False" nomask="True" complex="False" holesize="0">
    <padshape layer="TOP" shape="rectangle" width="27.55905511811" height="72.83464566929" />
    <padshape layer="TOP_SOLDER_MASK" shape="rectangle" width="35.433070866141" height="80.708661417322" />
    <padshape layer="TOP_SOLDER_PASTE" shape="rectangle" width="27.55905511811" height="72.83464566929" />
  </padstyle>
  <footprint name="SOP254P1015X230-4N" originx="0" originy="0" pickpointx="0" pickpointy="0">
    <pcbpin number="1" name="1" style="r185_70" originx="-185.03937007874" originy="49.999999999999" rotation="90" />
    <pcbpin number="2" name="2" style="r185_70" originx="-185.03937007874" originy="-49.999999999999" rotation="90" />
    <pcbpin number="3" name="3" style="r185_70" originx="185.03937007874" originy="-49.999999999999" rotation="90" />
    <pcbpin number="4" name="4" style="r185_70" originx="185.03937007874" originy="49.999999999999" rotation="90" />
    <line layer="TOP_PLACE_BOUND" originx="-231.29921259842" originy="90.551181102361" endx="231.29921259842" endy="90.551181102361" width="1.9685039370079" />
    <line layer="TOP_PLACE_BOUND" originx="231.29921259842" originy="90.551181102361" endx="231.29921259842" endy="-90.551181102361" width="1.9685039370079" />
    <line layer="TOP_PLACE_BOUND" originx="231.29921259842" originy="-90.551181102361" endx="-231.29921259842" endy="-90.551181102361" width="1.9685039370079" />
    <line layer="TOP_PLACE_BOUND" originx="-231.29921259842" originy="-90.551181102361" endx="-231.29921259842" endy="90.551181102361" width="1.9685039370079" />
    <line layer="TOP_ASSEMBLY" originx="-147.63779527559" originy="80.708661417322" endx="147.63779527559" endy="80.708661417322" width="3.9370078740157" />
    <line layer="TOP_ASSEMBLY" originx="147.63779527559" originy="80.708661417322" endx="147.63779527559" endy="-80.708661417322" width="3.9370078740157" />
    <line layer="TOP_ASSEMBLY" originx="147.63779527559" originy="-80.708661417322" endx="-147.63779527559" endy="-80.708661417322" width="3.9370078740157" />
    <line layer="TOP_ASSEMBLY" originx="-147.63779527559" originy="-80.708661417322" endx="-147.63779527559" endy="80.708661417322" width="3.9370078740157" />
    <line layer="TOP_ASSEMBLY" originx="-147.63779527559" originy="-19.291338582677" endx="-47.63779527559" endy="80.708661417322" width="3.9370078740157" />
    <line layer="TOP_SILKSCREEN" originx="-134.84251968504" originy="80.708661417322" endx="134.84251968504" endy="80.708661417322" width="7.8740157480314" />
    <line layer="TOP_SILKSCREEN" originx="134.84251968504" originy="80.708661417322" endx="134.84251968504" endy="-80.708661417322" width="7.8740157480314" />
    <line layer="TOP_SILKSCREEN" originx="134.84251968504" originy="-80.708661417322" endx="-134.84251968504" endy="-80.708661417322" width="7.8740157480314" />
    <line layer="TOP_SILKSCREEN" originx="-134.84251968504" originy="-80.708661417322" endx="-134.84251968504" endy="80.708661417322" width="7.8740157480314" />
    <line layer="TOP_SILKSCREEN" originx="-221.45669291338" originy="77.559055118109" endx="-148.62204724409" endy="77.559055118109" width="7.8740157480314" />
  </footprint>
  <symbol name="VOL617A-3X001T" originx="0" originy="0">
    <line originx="200" originy="100" endx="600" endy="100" width="0" />
    <line originx="600" originy="-200" endx="600" endy="100" width="0" />
    <line originx="600" originy="-200" endx="200" endy="-200" width="0" />
    <line originx="200" originy="100" endx="200" endy="-200" width="0" />
    <sympin number="1" originx="200" originy="0" rotation="180" length="100" width="7.8740157480315" flipped="False">
      <text name="pinname" originx="230" originy="0" style="Default" rotation="0" justify="left" flipped="False" hidden="False" data="A" />
      <text name="pindes" originx="140" originy="20" style="Default" rotation="0" justify="lowerright" flipped="False" hidden="False" data="1" />
    </sympin>
    <sympin number="2" originx="200" originy="-100" rotation="180" length="100" width="7.8740157480315" flipped="False">
      <text name="pinname" originx="230" originy="-100" style="Default" rotation="0" justify="left" flipped="False" hidden="False" data="K" />
      <text name="pindes" originx="140" originy="-80" style="Default" rotation="0" justify="lowerright" flipped="False" hidden="False" data="2" />
    </sympin>
    <sympin number="4" originx="600" originy="0" rotation="0" length="100" width="7.8740157480315" flipped="False">
      <text name="pinname" originx="570" originy="0" style="Default" rotation="0" justify="right" flipped="False" hidden="False" data="C" />
      <text name="pindes" originx="660" originy="20" style="Default" rotation="0" justify="lowerleft" flipped="False" hidden="False" data="4" />
    </sympin>
    <sympin number="3" originx="600" originy="-100" rotation="0" length="100" width="7.8740157480315" flipped="False">
      <text name="pinname" originx="570" originy="-100" style="Default" rotation="0" justify="right" flipped="False" hidden="False" data="E" />
      <text name="pindes" originx="660" originy="-80" style="Default" rotation="0" justify="lowerleft" flipped="False" hidden="False" data="3" />
    </sympin>
  </symbol>
  <component name="VOL617A-3X001T" designatorprefix="Q" height="90.551181102361" footprint="SOP254P1015X230-4N">
    <comppin designator="1" sympin="1" pinswap="0" gateswap="0" gate="1" group="1" side="" type="Any" name="A" />
    <comppin designator="2" sympin="2" pinswap="0" gateswap="0" gate="1" group="1" side="" type="Any" name="K" />
    <comppin designator="3" sympin="3" pinswap="0" gateswap="0" gate="1" group="1" side="" type="Any" name="E" />
    <comppin designator="4" sympin="4" pinswap="0" gateswap="0" gate="1" group="1" side="" type="Any" name="C" />
    <attached_symbol gate="1" name="VOL617A-3X001T" />
    <pinmap designator="1" footprintpin="1" />
    <pinmap designator="2" footprintpin="2" />
    <pinmap designator="3" footprintpin="3" />
    <pinmap designator="4" footprintpin="4" />
    <text name="Datasheet" originx="0" originy="0" style="Default" rotation="0" justify="" flipped="False" hidden="True" data="https://www.vishay.com/docs/82424/vol617a.pdf" />
    <text name="Description" originx="0" originy="0" style="Default" rotation="0" justify="" flipped="False" hidden="True" data="Transistor Output Optocouplers Phototransistor Out CTR 100-200% IF=5M" />
    <text name="Mouser Part Number" originx="0" originy="0" style="Default" rotation="0" justify="" flipped="False" hidden="True" data="78-VOL617A-3X001T" />
    <text name="Mouser Price/Stock" originx="0" originy="0" style="Default" rotation="0" justify="" flipped="False" hidden="True" data="https://www.mouser.co.uk/ProductDetail/Vishay-Semiconductors/VOL617A-3X001T?qs=s4XK1XdnRilgLzp851N9tg%3D%3D" />
    <text name="Manufacturer_Name" originx="0" originy="0" style="Default" rotation="0" justify="" flipped="False" hidden="True" data="Vishay" />
    <text name="Manufacturer_Part_Number" originx="650" originy="200" style="Default" rotation="0" justify="left" flipped="False" hidden="False" data="VOL617A-3X001T" />
  </component>
</quadcept_library>
